Date,spx_previous_close,spx_open,spx_high,spx_low,spx_close,dxy_open,vix_open,es_future_open,tnx_open
2023-01-04,3824.139892578125,3840.360107421875,3873.159912109375,3815.77001953125,3852.969970703125,104.58000183105469,22.93000030517578,3842.75,3.677000045776367
2023-01-05,3852.969970703125,3839.739990234375,3839.739990234375,3802.419921875,3808.10009765625,104.06999969482422,22.200000762939453,3871.0,3.7279999256134033
2023-01-06,3808.10009765625,3823.3701171875,3906.18994140625,3809.56005859375,3895.080078125,105.05000305175781,22.690000534057617,3833.0,3.746000051498413
2023-01-09,3895.080078125,3910.820068359375,3950.570068359375,3890.419921875,3892.090087890625,103.91000366210938,21.75,3918.5,3.5889999866485596
2023-01-10,3892.090087890625,3888.570068359375,3919.830078125,3877.2900390625,3919.25,103.29000091552734,22.219999313354492,3914.5,3.578000068664551
2023-01-11,3919.25,3932.35009765625,3970.070068359375,3928.5400390625,3969.610107421875,103.22000122070312,20.799999237060547,3941.0,3.569000005722046
2023-01-12,3969.610107421875,3977.570068359375,3997.760009765625,3937.56005859375,3983.169921875,103.05999755859375,21.559999465942383,3991.75,3.503999948501587
2023-01-13,3983.169921875,3960.60009765625,4003.949951171875,3947.669921875,3999.090087890625,102.20999908447266,19.0,4003.0,3.489000082015991
2023-01-17,3999.090087890625,3999.280029296875,4015.389892578125,3984.570068359375,3990.969970703125,102.31999969482422,19.889999389648438,4020.0,3.575000047683716
2023-01-18,3990.969970703125,4002.25,4014.159912109375,3926.590087890625,3928.860107421875,102.47000122070312,19.280000686645508,4008.5,3.4630000591278076
2023-01-19,3928.860107421875,3911.840087890625,3922.93994140625,3885.5400390625,3898.85009765625,102.37999725341797,20.43000030517578,3945.25,3.3970000743865967
2023-01-20,3898.85009765625,3909.0400390625,3972.9599609375,3897.860107421875,3972.610107421875,102.08000183105469,20.280000686645508,3925.0,3.441999912261963
2023-01-23,3972.610107421875,3978.139892578125,4039.31005859375,3971.639892578125,4019.81005859375,101.98999786376953,20.209999084472656,3987.0,3.503000020980835
2023-01-24,4019.81005859375,4001.739990234375,4023.919921875,3989.7900390625,4016.949951171875,101.98999786376953,19.889999389648438,4036.5,3.513000011444092
2023-01-25,4016.949951171875,3982.7099609375,4019.550048828125,3949.06005859375,4016.219970703125,102.01000213623047,19.559999465942383,4039.0,3.434000015258789
2023-01-26,4016.219970703125,4036.080078125,4061.570068359375,4013.2900390625,4060.429931640625,101.58000183105469,19.049999237060547,4031.0,3.490999937057495
2023-01-27,4060.429931640625,4053.719970703125,4094.2099609375,4048.699951171875,4070.56005859375,101.72000122070312,18.899999618530273,4065.0,3.5439999103546143
2023-01-30,4070.56005859375,4049.27001953125,4063.85009765625,4015.550048828125,4017.77001953125,101.91999816894531,19.760000228881836,4077.0,3.552999973297119
2023-01-31,4017.77001953125,4020.85009765625,4077.159912109375,4020.43994140625,4076.60009765625,102.19000244140625,20.1200008392334,4039.25,3.5309998989105225
2023-02-01,4076.60009765625,4070.070068359375,4148.9501953125,4037.199951171875,4119.2099609375,102.0999984741211,19.6200008392334,4085.75,3.4749999046325684
2023-02-02,4119.2099609375,4158.68017578125,4195.43994140625,4141.8798828125,4179.759765625,100.8499984741211,17.739999771118164,4145.5,3.372999906539917
2023-02-03,4179.759765625,4136.68994140625,4182.35986328125,4123.35986328125,4136.47998046875,101.83000183105469,18.56999969482422,4176.0,3.390000104904175
2023-02-06,4136.47998046875,4119.56982421875,4124.6298828125,4093.3798828125,4111.080078125,103.01000213623047,19.229999542236328,4134.25,3.5989999771118164
2023-02-07,4111.080078125,4105.35009765625,4176.5400390625,4088.389892578125,4164.0,103.54000091552734,19.540000915527344,4123.5,3.6449999809265137
2023-02-08,4164.0,4153.47021484375,4156.85009765625,4111.669921875,4117.85986328125,103.2699966430664,18.8799991607666,4167.25,3.6579999923706055
2023-02-09,4117.85986328125,4144.25,4156.22998046875,4069.669921875,4081.5,103.43000030517578,19.239999771118164,4132.25,3.5859999656677246
2023-02-10,4081.5,4068.919921875,4094.360107421875,4060.7900390625,4090.4599609375,103.26000213623047,20.739999771118164,4098.0,3.686000108718872
2023-02-13,4090.4599609375,4096.6201171875,4138.89990234375,4092.669921875,4137.2900390625,103.58000183105469,21.65999984741211,4105.0,3.746999979019165
2023-02-14,4137.2900390625,4126.7001953125,4159.77001953125,4095.010009765625,4136.1298828125,103.22000122070312,20.719999313354492,4149.75,3.687999963760376
2023-02-15,4136.1298828125,4119.5,4148.10986328125,4103.97998046875,4147.60009765625,103.20999908447266,19.3700008392334,4141.25,3.749000072479248
2023-02-16,4147.60009765625,4114.75,4136.5400390625,4089.489990234375,4090.409912109375,103.87999725341797,18.260000228881836,4159.0,3.802999973297119
2023-02-17,4090.409912109375,4077.389892578125,4081.510009765625,4047.949951171875,4079.090087890625,104.19999694824219,20.940000534057617,4095.5,3.885999917984009
2023-02-21,4079.090087890625,4052.35009765625,4052.35009765625,3995.18994140625,3997.340087890625,103.91000366210938,21.799999237060547,4083.0,3.8940000534057617
2023-02-22,3997.340087890625,4001.830078125,4017.3701171875,3976.89990234375,3991.050048828125,104.12999725341797,23.030000686645508,4007.5,3.927000045776367
2023-02-23,3991.050048828125,4018.60009765625,4028.300048828125,3969.18994140625,4012.320068359375,104.5,21.959999084472656,4010.0,3.940999984741211
2023-02-24,4012.320068359375,3973.239990234375,3978.25,3943.080078125,3970.0400390625,104.55999755859375,21.350000381469727,4015.25,3.9159998893737793
2023-02-27,3970.0400390625,3992.360107421875,4018.050048828125,3973.550048828125,3982.239990234375,105.26000213623047,21.989999771118164,3976.5,3.9670000076293945
2023-02-28,3982.239990234375,3977.18994140625,3997.5,3968.97998046875,3970.14990234375,104.62999725341797,21.299999237060547,3991.5,3.947000026702881
2023-03-01,3970.14990234375,3963.340087890625,3971.72998046875,3939.050048828125,3951.389892578125,105.04000091552734,20.389999389648438,3968.5,3.940000057220459
2023-03-02,3951.389892578125,3938.679931640625,3990.840087890625,3928.159912109375,3981.35009765625,104.38999938964844,21.40999984741211,3959.75,4.050000190734863
2023-03-03,3981.35009765625,3998.02001953125,4048.2900390625,3995.169921875,4045.639892578125,104.94000244140625,19.760000228881836,3983.0,4.013000011444092
2023-03-06,4045.639892578125,4055.14990234375,4078.489990234375,4044.610107421875,4048.419921875,104.52999877929688,19.049999237060547,4049.25,3.9049999713897705
2023-03-07,4048.419921875,4048.260009765625,4050.0,3980.31005859375,3986.3701171875,104.30000305175781,18.639999389648438,4053.75,3.940000057220459
2023-03-08,3986.3701171875,3987.550048828125,4000.409912109375,3969.760009765625,3992.010009765625,105.66999816894531,19.709999084472656,3990.0,3.9600000381469727
2023-03-09,3992.010009765625,3998.659912109375,4017.81005859375,3908.699951171875,3918.320068359375,105.62000274658203,19.329999923706055,3997.0,4.011000156402588
2023-03-10,3918.320068359375,3912.77001953125,3934.050048828125,3846.320068359375,3861.590087890625,105.12999725341797,23.34000015258789,3919.0,3.812000036239624
2023-03-13,3861.590087890625,3835.1201171875,3905.050048828125,3808.860107421875,3855.760009765625,104.38999938964844,24.049999237060547,3887.75,3.505000114440918
2023-03-14,3855.760009765625,3894.010009765625,3937.2900390625,3873.6298828125,3919.2900390625,103.66999816894531,26.850000381469727,3865.75,3.5899999141693115
2023-03-15,3919.2900390625,3876.739990234375,3894.260009765625,3838.239990234375,3891.929931640625,103.73999786376953,23.209999084472656,3920.5,3.5260000228881836
2023-03-16,3891.929931640625,3878.929931640625,3964.4599609375,3864.110107421875,3960.280029296875,104.62000274658203,26.190000534057617,3892.75,3.430999994277954
2023-03-17,3960.280029296875,3958.68994140625,3958.909912109375,3901.27001953125,3916.639892578125,104.41000366210938,22.920000076293945,3962.25,3.496000051498413
2023-03-20,3916.639892578125,3917.469970703125,3956.6201171875,3916.889892578125,3951.570068359375,103.86000061035156,27.770000457763672,3963.75,3.3949999809265137
2023-03-21,3951.570068359375,3975.889892578125,4009.080078125,3971.18994140625,4002.8701171875,103.30999755859375,24.15999984741211,3986.5,3.572999954223633
2023-03-22,4002.8701171875,4002.0400390625,4039.489990234375,3936.169921875,3936.969970703125,103.19999694824219,21.799999237060547,4038.75,3.638000011444092
2023-03-23,3936.969970703125,3959.2099609375,4007.659912109375,3919.050048828125,3948.719970703125,102.5,21.540000915527344,3972.75,3.4830000400543213
2023-03-24,3948.719970703125,3939.2099609375,3972.739990234375,3909.159912109375,3970.989990234375,102.5999984741211,22.110000610351562,3988.75,3.2980000972747803
2023-03-27,3970.989990234375,3982.929931640625,4003.830078125,3970.489990234375,3977.530029296875,103.12000274658203,22.049999237060547,4008.0,3.4700000286102295
2023-03-28,3977.530029296875,3974.1298828125,3979.199951171875,3951.530029296875,3971.27001953125,102.75,20.530000686645508,4013.5,3.5450000762939453
2023-03-29,3971.27001953125,3999.530029296875,4030.590087890625,3999.530029296875,4027.81005859375,102.48999786376953,19.389999389648438,4006.5,3.5769999027252197
2023-03-30,4027.81005859375,4046.739990234375,4057.85009765625,4032.10009765625,4050.830078125,102.62000274658203,19.1200008392334,4058.0,3.563999891281128
2023-03-31,4050.830078125,4056.179931640625,4110.75,4056.179931640625,4109.31005859375,102.19999694824219,19.209999084472656,4081.0,3.555999994277954
2023-04-03,4109.31005859375,4102.2001953125,4127.66015625,4098.7900390625,4124.509765625,102.58999633789062,19.790000915527344,4127.0,3.5169999599456787
2023-04-04,4124.509765625,4128.02978515625,4133.1298828125,4086.8701171875,4100.60009765625,102.01000213623047,18.790000915527344,4152.5,3.4730000495910645
2023-04-05,4100.60009765625,4094.5,4099.68994140625,4072.56005859375,4090.3798828125,101.5199966430664,19.420000076293945,4134.0,3.309000015258789
2023-04-06,4090.3798828125,4081.14990234375,4107.31982421875,4069.840087890625,4105.02001953125,101.83000183105469,19.299999237060547,4113.75,3.2679998874664307
2023-04-10,4105.02001953125,4085.199951171875,4109.5,4072.550048828125,4109.10986328125,102.0999984741211,19.389999389648438,4139.0,3.365999937057495
2023-04-11,4109.10986328125,4110.2900390625,4124.259765625,4102.60986328125,4108.93994140625,102.5199966430664,19.079999923706055,4138.5,3.4089999198913574
2023-04-12,4108.93994140625,4121.72021484375,4134.3701171875,4086.93994140625,4091.949951171875,102.12999725341797,19.3799991607666,4137.5,3.447000026702881
2023-04-13,4091.949951171875,4100.0400390625,4150.259765625,4099.39990234375,4146.22021484375,101.47000122070312,18.829999923706055,4117.5,3.427999973297119
2023-04-14,4146.22021484375,4140.10986328125,4163.18994140625,4113.2001953125,4137.64013671875,101.0,17.940000534057617,4168.75,3.4539999961853027
2023-04-17,4137.64013671875,4137.169921875,4151.72021484375,4123.18017578125,4151.31982421875,101.58000183105469,17.579999923706055,4174.25,3.5490000247955322
2023-04-18,4151.31982421875,4164.259765625,4169.47998046875,4140.35986328125,4154.8701171875,102.0999984741211,16.940000534057617,4177.0,3.578000068664551
2023-04-19,4154.8701171875,4139.330078125,4162.56982421875,4134.490234375,4154.52001953125,101.70999908447266,17.299999237060547,4176.0,3.634999990463257
2023-04-20,4154.52001953125,4130.47998046875,4148.56982421875,4114.56982421875,4129.7900390625,101.98999786376953,16.850000381469727,4172.25,3.565999984741211
2023-04-21,4129.7900390625,4132.14013671875,4138.02001953125,4113.85986328125,4133.52001953125,101.80000305175781,17.510000228881836,4153.75,3.5339999198913574
2023-04-24,4133.52001953125,4132.06982421875,4142.41015625,4117.77001953125,4137.0400390625,101.72000122070312,18.219999313354492,4150.0,3.5450000762939453
2023-04-25,4137.0400390625,4126.43017578125,4126.43017578125,4071.3798828125,4071.6298828125,101.26000213623047,17.6200008392334,4157.25,3.444999933242798
2023-04-26,4071.6298828125,4087.780029296875,4089.669921875,4049.35009765625,4055.989990234375,101.81999969482422,18.65999984741211,4110.25,3.4110000133514404
2023-04-27,4055.989990234375,4075.2900390625,4138.240234375,4075.2900390625,4135.35009765625,101.4000015258789,18.43000030517578,4085.5,3.4489998817443848
2023-04-28,4135.35009765625,4129.6298828125,4170.06005859375,4127.18017578125,4169.47998046875,101.47000122070312,17.209999084472656,4151.0,3.4790000915527344
2023-05-01,4169.47998046875,4166.7900390625,4186.919921875,4164.1201171875,4167.8701171875,101.66999816894531,16.40999984741211,4190.0,3.500999927520752
2023-05-02,4167.8701171875,4164.10009765625,4164.10009765625,4089.719970703125,4119.580078125,102.1500015258789,16.270000457763672,4179.5,3.5320000648498535
2023-05-03,4119.580078125,4122.25,4148.2998046875,4088.860107421875,4090.75,101.86000061035156,17.81999969482422,4133.25,3.4179999828338623
2023-05-04,4090.75,4082.550048828125,4082.610107421875,4048.280029296875,4061.219970703125,101.19999694824219,19.170000076293945,4087.0,3.3450000286102295
2023-05-05,4061.219970703125,4084.72998046875,4147.02001953125,4084.72998046875,4136.25,101.33999633789062,19.5,4077.25,3.3970000743865967
2023-05-08,4136.25,4136.97998046875,4142.2998046875,4123.81005859375,4138.1201171875,101.27999877929688,17.729999542236328,4151.0,3.490000009536743
2023-05-09,4138.1201171875,4124.25,4130.35009765625,4116.64990234375,4119.169921875,101.4000015258789,17.290000915527344,4150.5,3.492000102996826
2023-05-10,4119.169921875,4143.740234375,4154.27978515625,4098.919921875,4137.64013671875,101.62000274658203,17.579999923706055,4133.0,3.506999969482422
2023-05-11,4137.64013671875,4132.240234375,4132.7998046875,4109.2900390625,4130.6201171875,101.41000366210938,16.799999237060547,4152.75,3.4049999713897705
2023-05-12,4130.6201171875,4138.5400390625,4143.740234375,4099.1201171875,4124.080078125,102.0999984741211,16.829999923706055,4144.5,3.4119999408721924
2023-05-15,4124.080078125,4126.64990234375,4141.25,4110.27001953125,4136.27978515625,102.70999908447266,17.440000534057617,4132.25,3.502000093460083
2023-05-16,4136.27978515625,4127.9501953125,4135.5400390625,4109.85986328125,4109.89990234375,102.43000030517578,17.540000915527344,4148.25,3.486999988555908
2023-05-17,4109.89990234375,4122.85009765625,4164.669921875,4113.6201171875,4158.77001953125,102.61000061035156,17.959999084472656,4126.0,3.515000104904175
2023-05-18,4158.77001953125,4157.68017578125,4202.2001953125,4153.5,4198.0498046875,102.91000366210938,16.920000076293945,4171.25,3.5980000495910645
2023-05-19,4198.0498046875,4204.14990234375,4212.91015625,4180.2001953125,4191.97998046875,103.51000213623047,16.1299991607666,4215.5,3.6710000038146973
2023-05-22,4191.97998046875,4190.77978515625,4209.22021484375,4179.68017578125,4192.6298828125,103.19000244140625,17.450000762939453,4189.0,3.690000057220459
2023-05-23,4192.6298828125,4176.7998046875,4185.68017578125,4142.5400390625,4145.580078125,103.2699966430664,17.350000381469727,4207.5,3.74399995803833
2023-05-24,4145.580078125,4132.9599609375,4132.9599609375,4103.97998046875,4115.240234375,103.54000091552734,18.799999237060547,4158.0,3.6730000972747803
2023-05-25,4115.240234375,4155.7099609375,4165.740234375,4129.72998046875,4151.27978515625,103.86000061035156,19.540000915527344,4157.0,3.752000093460083
2023-05-26,4151.27978515625,4156.16015625,4212.8701171875,4156.16015625,4205.4501953125,104.2300033569336,19.06999969482422,4157.0,3.7890000343322754
2023-05-30,4205.4501953125,4226.7099609375,4231.10009765625,4192.18017578125,4205.52001953125,104.30000305175781,17.559999465942383,4239.75,3.7119998931884766
2023-05-31,4205.52001953125,4190.740234375,4195.43994140625,4166.14990234375,4179.830078125,104.05000305175781,18.040000915527344,4213.0,3.6459999084472656
2023-06-01,4179.830078125,4183.02978515625,4232.43017578125,4171.64013671875,4221.02001953125,104.1500015258789,17.239999771118164,4188.5,3.6500000953674316
2023-06-02,4221.02001953125,4241.009765625,4290.669921875,4241.009765625,4282.3701171875,103.55999755859375,15.649999618530273,4231.75,3.619999885559082
2023-06-05,4282.3701171875,4282.990234375,4299.27978515625,4266.81982421875,4273.7900390625,104.04000091552734,15.279999732971191,4288.0,3.753000020980835
2023-06-06,4273.7900390625,4271.33984375,4288.330078125,4263.08984375,4283.85009765625,104.01000213623047,14.90999984741211,4279.75,3.680999994277954
2023-06-07,4283.85009765625,4285.47021484375,4299.18994140625,4263.9599609375,4267.52001953125,104.12000274658203,14.140000343322754,4292.25,3.6989998817443848
2023-06-08,4267.52001953125,4268.68994140625,4298.009765625,4261.06982421875,4293.93017578125,104.06999969482422,14.140000343322754,4273.25,3.816999912261963
2023-06-09,4293.93017578125,4304.8798828125,4322.6201171875,4291.7001953125,4298.85986328125,103.30000305175781,13.779999732971191,4297.75,3.7669999599456787
2023-06-12,4298.85986328125,4308.31982421875,4340.1298828125,4304.3701171875,4338.93017578125,103.55000305175781,14.4399995803833,4306.5,3.7339999675750732
2023-06-13,4338.93017578125,4352.60986328125,4375.3701171875,4349.31005859375,4369.009765625,103.58000183105469,14.989999771118164,4345.0,3.7239999771118164
2023-06-14,4369.009765625,4366.2900390625,4391.81982421875,4337.85009765625,4372.58984375,103.31999969482422,14.479999542236328,4372.0,3.811000108718872
2023-06-15,4372.58984375,4365.330078125,4439.2001953125,4362.60009765625,4425.83984375,102.95999908447266,14.09000015258789,4378.75,3.819000005722046
2023-06-16,4425.83984375,4440.9501953125,4448.47021484375,4407.43994140625,4409.58984375,102.12000274658203,14.489999771118164,4424.75,3.746000051498413
2023-06-20,4409.58984375,4396.10986328125,4400.14990234375,4367.18994140625,4388.7099609375,102.4800033569336,14.359999656677246,4458.0,3.73799991607666
2023-06-21,4388.7099609375,4380.009765625,4386.22021484375,4360.14013671875,4365.68994140625,102.5,13.880000114440918,4430.25,3.76200008392334
2023-06-22,4365.68994140625,4355.39990234375,4382.25,4351.81982421875,4381.89013671875,102.02999877929688,13.880000114440918,4410.0,3.740000009536743
2023-06-23,4381.89013671875,4354.169921875,4366.5498046875,4341.33984375,4348.330078125,102.37999725341797,13.239999771118164,4425.75,3.7269999980926514
2023-06-26,4348.330078125,4344.83984375,4362.06005859375,4328.080078125,4328.81982421875,102.83000183105469,14.430000305175781,4390.0,3.7019999027252197
2023-06-27,4328.81982421875,4337.35986328125,4384.419921875,4335.0,4378.41015625,102.73999786376953,14.109999656677246,4375.75,3.7139999866485596
2023-06-28,4378.41015625,4367.47998046875,4390.35009765625,4360.22021484375,4376.85986328125,102.51000213623047,13.899999618530273,4414.0,3.734999895095825
2023-06-29,4376.85986328125,4374.93994140625,4398.39013671875,4371.97021484375,4396.43994140625,102.95999908447266,13.640000343322754,4423.75,3.746999979019165
2023-06-30,4396.43994140625,4422.43994140625,4458.47998046875,4422.43994140625,4450.3798828125,103.3499984741211,13.510000228881836,4435.25,3.859999895095825
2023-07-03,4450.3798828125,4450.47998046875,4456.4599609375,4442.2900390625,4455.58984375,102.91999816894531,13.850000381469727,4485.5,3.864000082015991
2023-07-05,4455.58984375,4442.0400390625,4454.06005859375,4436.60986328125,4446.81982421875,103.08000183105469,14.1899995803833,4492.0,3.868000030517578
2023-07-06,4446.81982421875,4422.6201171875,4422.6201171875,4385.0498046875,4411.58984375,103.3499984741211,14.850000381469727,4481.75,3.993000030517578
2023-07-07,4411.58984375,4404.5400390625,4440.39013671875,4397.39990234375,4398.9501953125,103.08000183105469,15.970000267028809,4441.25,4.078000068664551
2023-07-10,4398.9501953125,4394.22998046875,4412.60009765625,4389.919921875,4409.52978515625,102.29000091552734,16.079999923706055,4437.5,4.052000045776367
2023-07-11,4409.52978515625,4415.5498046875,4443.64013671875,4408.4599609375,4439.259765625,101.94000244140625,15.020000457763672,4445.75,3.9800000190734863
2023-07-12,4439.259765625,4467.68994140625,4488.33984375,4463.22998046875,4472.16015625,101.58999633789062,14.819999694824219,4471.0,3.946000099182129
2023-07-13,4472.16015625,4491.5,4517.3798828125,4489.35986328125,4510.0400390625,100.5199966430664,13.4399995803833,4510.5,3.8259999752044678
2023-07-14,4510.0400390625,4514.60986328125,4527.759765625,4499.56005859375,4505.419921875,99.75,13.720000267028809,4539.5,3.7790000438690186
2023-07-17,4505.419921875,4508.85986328125,4532.85009765625,4504.89990234375,4522.7900390625,99.95999908447266,13.779999732971191,4536.0,3.7790000438690186
2023-07-18,4522.7900390625,4521.77978515625,4562.2998046875,4514.58984375,4554.97998046875,99.88999938964844,13.609999656677246,4550.25,3.757999897003174
2023-07-19,4554.97998046875,4563.8701171875,4578.43017578125,4557.47998046875,4565.72021484375,99.9800033569336,13.319999694824219,4582.75,3.74399995803833
2023-07-20,4565.72021484375,4554.3798828125,4564.740234375,4527.56005859375,4534.8701171875,100.27999877929688,13.960000038146973,4593.25,3.7909998893737793
2023-07-21,4534.8701171875,4550.16015625,4555.0,4535.7900390625,4536.33984375,100.77999877929688,13.869999885559082,4566.25,3.8329999446868896
2023-07-24,4536.33984375,4543.39013671875,4563.41015625,4541.2900390625,4554.64013671875,101.08999633789062,14.289999961853027,4564.25,3.805999994277954
2023-07-25,4554.64013671875,4555.18994140625,4580.6201171875,4552.419921875,4567.4599609375,101.41999816894531,14.020000457763672,4584.5,3.8919999599456787
2023-07-26,4567.4599609375,4558.9599609375,4582.47021484375,4547.580078125,4566.75,101.31999969482422,13.859999656677246,4604.75,3.884999990463257
2023-07-27,4566.75,4598.259765625,4607.06982421875,4528.56005859375,4537.41015625,101.11000061035156,13.140000343322754,4594.75,3.86299991607666
2023-07-28,4537.41015625,4565.75,4590.16015625,4564.009765625,4582.22998046875,101.69000244140625,14.029999732971191,4566.0,3.9609999656677246
2023-07-31,4582.22998046875,4584.81982421875,4594.22021484375,4573.14013671875,4588.9599609375,101.69999694824219,13.979999542236328,4608.75,3.9670000076293945
2023-08-01,4588.9599609375,4578.830078125,4584.6201171875,4567.52978515625,4576.72998046875,101.87000274658203,13.75,4617.75,4.000999927520752
2023-08-02,4576.72998046875,4550.93017578125,4550.93017578125,4505.75,4513.39013671875,101.95999908447266,15.699999809265137,4580.0,4.039000034332275
2023-08-03,4513.39013671875,4494.27001953125,4519.490234375,4485.5400390625,4501.89013671875,102.58999633789062,16.770000457763672,4534.25,4.144999980926514
2023-08-04,4501.89013671875,4513.9599609375,4540.33984375,4474.5498046875,4478.02978515625,102.44999694824219,16.010000228881836,4523.5,4.191999912261963
2023-08-07,4478.02978515625,4491.580078125,4519.83984375,4491.14990234375,4518.43994140625,102.01000213623047,16.899999618530273,4500.5,4.11299991607666
2023-08-08,4518.43994140625,4498.02978515625,4503.31005859375,4464.39013671875,4499.3798828125,102.06999969482422,16.280000686645508,4539.5,4.007999897003174
2023-08-09,4499.3798828125,4501.56982421875,4502.43994140625,4461.330078125,4467.7099609375,102.55000305175781,15.8100004196167,4516.5,4.035999774932861
2023-08-10,4467.7099609375,4487.16015625,4527.3701171875,4457.919921875,4468.830078125,102.4800033569336,15.579999923706055,4493.25,3.9820001125335693
2023-08-11,4468.830078125,4450.68994140625,4476.22998046875,4443.97998046875,4464.0498046875,102.62000274658203,15.529999732971191,4487.75,4.10699987411499
2023-08-14,4464.0498046875,4458.1298828125,4490.330078125,4453.43994140625,4489.72021484375,102.8499984741211,15.880000114440918,4485.0,4.176000118255615
2023-08-15,4489.72021484375,4478.8701171875,4478.8701171875,4432.18994140625,4437.85986328125,103.1500015258789,14.949999809265137,4505.75,4.235000133514404
2023-08-16,4437.85986328125,4433.7900390625,4449.9501953125,4403.5498046875,4404.330078125,103.20999908447266,16.540000915527344,4453.25,4.204999923706055
2023-08-17,4404.330078125,4416.31982421875,4421.169921875,4364.830078125,4370.35986328125,103.4800033569336,16.959999084472656,4420.5,4.2779998779296875
2023-08-18,4370.35986328125,4344.8798828125,4381.81982421875,4335.31005859375,4369.7099609375,103.4000015258789,17.799999237060547,4379.25,4.243000030517578
2023-08-21,4369.7099609375,4380.27978515625,4407.5498046875,4360.2998046875,4399.77001953125,103.43000030517578,18.030000686645508,4382.5,4.294000148773193
2023-08-22,4399.77001953125,4415.330078125,4418.58984375,4382.77001953125,4387.5498046875,103.33000183105469,16.959999084472656,4410.25,4.309999942779541
2023-08-23,4387.5498046875,4396.43994140625,4443.18017578125,4396.43994140625,4436.009765625,103.58000183105469,16.639999389648438,4400.0,4.2829999923706055
2023-08-24,4436.009765625,4455.16015625,4458.2998046875,4375.5498046875,4376.31005859375,103.36000061035156,15.569999694824219,4470.5,4.2230000495910645
2023-08-25,4376.31005859375,4389.3798828125,4418.4599609375,4356.2900390625,4405.7099609375,104.0999984741211,17.209999084472656,4384.5,4.235000133514404
2023-08-28,4405.7099609375,4426.02978515625,4439.56005859375,4414.97998046875,4433.31005859375,104.19000244140625,16.239999771118164,4418.0,4.23199987411499
2023-08-29,4433.31005859375,4432.75,4500.14013671875,4431.68017578125,4497.6298828125,103.91999816894531,15.079999923706055,4444.0,4.21999979019165
2023-08-30,4497.6298828125,4500.33984375,4521.64990234375,4493.58984375,4514.8701171875,103.44000244140625,14.529999732971191,4508.75,4.13700008392334
2023-08-31,4514.8701171875,4517.009765625,4532.259765625,4507.39013671875,4507.66015625,103.0999984741211,13.979999542236328,4527.0,4.09499979019165
2023-09-01,4507.66015625,4530.60009765625,4541.25,4501.35009765625,4515.77001953125,103.62000274658203,13.5600004196167,4516.75,4.0970001220703125
2023-09-05,4515.77001953125,4510.06005859375,4514.2900390625,4496.009765625,4496.830078125,104.12999725341797,14.149999618530273,4521.25,4.228000164031982
2023-09-06,4496.830078125,4490.35009765625,4490.35009765625,4442.3798828125,4465.47998046875,104.75,14.270000457763672,4500.0,4.242000102996826
2023-09-07,4465.47998046875,4434.5498046875,4457.81005859375,4430.4599609375,4451.14013671875,104.86000061035156,14.8100004196167,4469.5,4.283999919891357
2023-09-08,4451.14013671875,4451.2998046875,4473.52978515625,4448.3798828125,4457.490234375,105.05999755859375,14.220000267028809,4458.25,4.257999897003174
2023-09-11,4457.490234375,4480.97998046875,4490.77001953125,4467.89013671875,4487.4599609375,104.94000244140625,14.170000076293945,4463.5,4.283999919891357
2023-09-12,4487.4599609375,4473.27001953125,4487.10986328125,4456.830078125,4461.89990234375,104.55999755859375,14.020000457763672,4487.75,4.285999774932861
2023-09-13,4461.89990234375,4462.64990234375,4479.39013671875,4453.52001953125,4467.43994140625,104.58000183105469,14.420000076293945,4464.5,4.311999797821045
2023-09-14,4467.43994140625,4487.77978515625,4511.990234375,4478.68994140625,4505.10009765625,104.73999786376953,13.390000343322754,4471.75,4.229000091552734
2023-09-15,4505.10009765625,4497.97998046875,4497.97998046875,4447.2099609375,4450.31982421875,105.37999725341797,12.699999809265137,4508.0,4.320000171661377
2023-09-18,4450.31982421875,4445.1298828125,4466.35986328125,4442.10986328125,4453.52978515625,105.30000305175781,14.399999618530273,4499.5,4.336999893188477
2023-09-19,4453.52978515625,4445.41015625,4449.85009765625,4416.60986328125,4443.9501953125,105.08000183105469,14.109999656677246,4503.25,4.333000183105469
2023-09-20,4443.9501953125,4452.81005859375,4461.02978515625,4401.3798828125,4402.2001953125,105.11000061035156,14.180000305175781,4491.25,4.339000225067139
2023-09-21,4402.2001953125,4374.35986328125,4375.7001953125,4329.169921875,4330.0,105.44000244140625,15.489999771118164,4445.0,4.466000080108643
2023-09-22,4330.0,4341.740234375,4357.39990234375,4316.490234375,4320.06005859375,105.37999725341797,17.309999465942383,4370.25,4.473999977111816
2023-09-25,4320.06005859375,4310.6201171875,4338.509765625,4302.7001953125,4337.43994140625,105.56999969482422,17.25,4365.0,4.505000114440918
2023-09-26,4337.43994140625,4312.8798828125,4313.009765625,4265.97998046875,4273.52978515625,105.94000244140625,18.030000686645508,4382.0,4.485000133514404
2023-09-27,4273.52978515625,4282.6298828125,4292.06982421875,4238.6298828125,4274.509765625,106.22000122070312,18.290000915527344,4320.25,4.506999969482422
2023-09-28,4274.509765625,4269.64990234375,4317.27001953125,4264.3798828125,4299.7001953125,106.68000030517578,18.219999313354492,4323.25,4.624000072479248
2023-09-29,4299.7001953125,4328.18017578125,4333.14990234375,4274.85986328125,4288.0498046875,106.1500015258789,16.8700008392334,4342.0,4.548999786376953
2023-10-02,4288.0498046875,4284.52001953125,4300.580078125,4260.2099609375,4288.39013671875,106.16999816894531,17.309999465942383,4349.0,4.63100004196167
2023-10-03,4288.39013671875,4269.75,4281.14990234375,4216.4501953125,4229.4501953125,107.02999877929688,17.809999465942383,4326.0,4.736999988555908
2023-10-04,4229.4501953125,4233.830078125,4268.5,4220.47998046875,4263.75,107.05999755859375,20.719999313354492,4262.75,4.75600004196167
2023-10-05,4263.75,4259.31005859375,4267.1298828125,4225.91015625,4258.18994140625,106.7699966430664,18.670000076293945,4291.5,4.730999946594238
2023-10-06,4258.18994140625,4234.7900390625,4324.10009765625,4219.5498046875,4308.5,106.36000061035156,18.729999542236328,4287.5,4.739999771118164
2023-10-09,4308.5,4289.02001953125,4341.72998046875,4283.7900390625,4335.66015625,106.0999984741211,19.540000915527344,4315.0,4.796999931335449
2023-10-10,4335.66015625,4339.75,4385.4599609375,4339.64013671875,4358.240234375,106.02999877929688,17.700000762939453,4368.75,4.703000068664551
2023-10-11,4358.240234375,4366.58984375,4378.64013671875,4345.33984375,4376.9501953125,105.7300033569336,16.950000762939453,4392.0,4.580999851226807
2023-10-12,4376.9501953125,4380.93994140625,4385.85009765625,4325.43017578125,4349.60986328125,105.66999816894531,16.079999923706055,4417.75,4.544000148773193
2023-10-13,4349.60986328125,4360.490234375,4377.10009765625,4311.97021484375,4327.77978515625,106.5199966430664,16.530000686645508,4380.75,4.61899995803833
2023-10-16,4327.77978515625,4342.3701171875,4383.330078125,4342.3701171875,4373.6298828125,106.58000183105469,19.100000381469727,4356.75,4.690999984741211
2023-10-17,4373.6298828125,4345.22998046875,4393.56982421875,4337.5400390625,4373.2001953125,106.26000213623047,17.40999984741211,4406.25,4.764999866485596
2023-10-18,4373.2001953125,4357.35009765625,4364.2001953125,4303.83984375,4314.60009765625,106.22000122070312,18.360000610351562,4398.0,4.839000225067139
2023-10-19,4314.60009765625,4321.35986328125,4339.5400390625,4269.68994140625,4278.0,106.54000091552734,19.729999542236328,4346.5,4.964000225067139
2023-10-20,4278.0,4273.85009765625,4276.56005859375,4223.02978515625,4224.16015625,106.26000213623047,21.59000015258789,4295.0,4.978000164031982
2023-10-23,4224.16015625,4210.39990234375,4255.83984375,4189.22021484375,4217.0400390625,106.16000366210938,21.829999923706055,4256.25,4.997000217437744
2023-10-24,4217.0400390625,4235.7900390625,4259.3798828125,4219.43017578125,4247.68017578125,105.61000061035156,20.030000686645508,4250.25,4.869999885559082
2023-10-25,4247.68017578125,4232.419921875,4232.419921875,4181.419921875,4186.77001953125,106.25,19.389999389648438,4269.5,4.85099983215332
2023-10-26,4186.77001953125,4175.990234375,4183.60009765625,4127.89990234375,4137.22998046875,106.58000183105469,21.780000686645508,4202.0,4.964000225067139
2023-10-27,4137.22998046875,4152.93017578125,4156.7001953125,4103.77978515625,4117.3701171875,106.58999633789062,20.389999389648438,4167.0,4.866000175476074
2023-10-30,4117.3701171875,4139.39013671875,4177.47021484375,4132.93994140625,4166.81982421875,106.58000183105469,21.1299991607666,4148.0,4.895999908447266
2023-10-31,4166.81982421875,4171.330078125,4195.5498046875,4153.1201171875,4193.7998046875,106.16000366210938,19.860000610351562,4184.25,4.809999942779541
2023-11-01,4193.7998046875,4201.27001953125,4245.64013671875,4197.740234375,4237.85986328125,106.66999816894531,18.020000457763672,4205.0,4.89300012588501
2023-11-02,4237.85986328125,4268.259765625,4319.72021484375,4268.259765625,4317.77978515625,106.5,16.59000015258789,4258.5,4.690000057220459
2023-11-03,4317.77978515625,4334.22998046875,4373.6201171875,4334.22998046875,4358.33984375,106.19999694824219,15.699999809265137,4327.5,4.63700008392334
2023-11-06,4358.33984375,4364.27001953125,4372.2099609375,4347.52978515625,4365.97998046875,105.06999969482422,15.390000343322754,4379.25,4.610000133514404
2023-11-07,4365.97998046875,4366.2099609375,4386.259765625,4355.41015625,4378.3798828125,105.2699966430664,15.100000381469727,4380.0,4.619999885559082
2023-11-08,4378.3798828125,4384.3701171875,4391.2001953125,4359.759765625,4382.77978515625,105.54000091552734,14.90999984741211,4397.5,4.566999912261963
2023-11-09,4382.77978515625,4391.41015625,4393.39990234375,4343.93994140625,4347.35009765625,105.52999877929688,14.609999656677246,4393.25,4.551000118255615
2023-11-10,4347.35009765625,4364.14990234375,4418.02978515625,4353.33984375,4415.240234375,105.93000030517578,15.09000015258789,4364.5,4.583000183105469
2023-11-13,4415.240234375,4406.66015625,4421.759765625,4393.81982421875,4411.5498046875,105.80000305175781,15.15999984741211,4425.75,4.642000198364258
2023-11-14,4411.5498046875,4458.97021484375,4508.669921875,4458.97021484375,4495.7001953125,105.6500015258789,14.829999923706055,4427.25,4.616000175476074
2023-11-15,4495.7001953125,4505.2998046875,4521.169921875,4495.31005859375,4502.8798828125,104.37999725341797,14.210000038146973,4515.5,4.460999965667725
2023-11-16,4502.8798828125,4497.080078125,4511.990234375,4487.830078125,4508.240234375,104.36000061035156,14.119999885559082,4514.25,4.48799991607666
2023-11-17,4508.240234375,4509.5498046875,4520.1201171875,4499.66015625,4514.02001953125,104.4000015258789,14.180000305175781,4527.75,4.4120001792907715
2023-11-20,4514.02001953125,4511.7001953125,4557.10986328125,4510.35986328125,4547.3798828125,103.81999969482422,14.260000228881836,4526.75,4.4730000495910645
2023-11-21,4547.3798828125,4538.77001953125,4542.14013671875,4525.509765625,4538.18994140625,103.47000122070312,13.449999809265137,4561.75,4.409999847412109
2023-11-22,4538.18994140625,4553.0400390625,4568.43017578125,4545.0498046875,4556.6201171875,103.55000305175781,13.079999923706055,4547.75,4.364999771118164
2023-11-24,4556.6201171875,4555.83984375,4560.31005859375,4552.7998046875,4559.33984375,103.75,13.029999732971191,4564.0,4.473999977111816
2023-11-27,4559.33984375,4554.85986328125,4560.52001953125,4546.31982421875,4550.43017578125,103.41999816894531,13.140000343322754,4568.5,4.456999778747559
2023-11-28,4550.43017578125,4545.5498046875,4568.14013671875,4540.509765625,4554.89013671875,103.12999725341797,12.779999732971191,4561.5,4.395999908447266
2023-11-29,4554.89013671875,4571.83984375,4587.64013671875,4547.14990234375,4550.580078125,102.6500015258789,12.710000038146973,4564.0,4.294000148773193
2023-11-30,4550.580078125,4554.8701171875,4569.89013671875,4537.240234375,4567.7998046875,102.83000183105469,13.069999694824219,4562.25,4.28000020980835
2023-12-01,4567.7998046875,4559.43017578125,4599.39013671875,4554.7099609375,4594.6298828125,103.36000061035156,12.9399995803833,4571.75,4.320000171661377
2023-12-04,4594.6298828125,4564.3701171875,4572.3701171875,4546.72021484375,4569.77978515625,103.19000244140625,13.279999732971191,4603.25,4.243000030517578
2023-12-05,4569.77978515625,4557.25,4578.56005859375,4551.68017578125,4567.18017578125,103.55999755859375,13.260000228881836,4573.0,4.22599983215332
2023-12-06,4567.18017578125,4586.22998046875,4590.740234375,4546.5,4549.33984375,103.98999786376953,12.779999732971191,4573.25,4.179999828338623
2023-12-07,4549.33984375,4568.83984375,4590.919921875,4565.22021484375,4585.58984375,104.11000061035156,13.170000076293945,4556.0,4.169000148773193
2023-12-08,4585.58984375,4576.2001953125,4609.22998046875,4574.06005859375,4604.3701171875,103.63999938964844,13.140000343322754,4586.5,4.184999942779541
2023-12-11,4604.3701171875,4593.39013671875,4623.7099609375,4593.39013671875,4622.43994140625,103.9800033569336,13.050000190734863,4607.75,4.27400016784668
2023-12-12,4622.43994140625,4618.2998046875,4643.93017578125,4608.08984375,4643.7001953125,104.02999877929688,12.6899995803833,4625.0,4.179999828338623
2023-12-13,4643.7001953125,4646.2001953125,4709.68994140625,4643.22998046875,4707.08984375,103.81999969482422,12.199999809265137,4649.0,4.186999797821045
2023-12-14,4707.08984375,4721.0400390625,4738.56982421875,4694.33984375,4719.5498046875,102.77999877929688,11.960000038146973,4708.0,3.9660000801086426
2023-12-15,4719.5498046875,4714.22998046875,4725.52978515625,4704.68994140625,4719.18994140625,102.0999984741211,12.119999885559082,4716.0,3.921999931335449
2023-12-18,4719.18994140625,4725.580078125,4749.52001953125,4725.580078125,4740.56005859375,102.58999633789062,12.619999885559082,4770.5,3.9170000553131104
2023-12-19,4740.56005859375,4743.72021484375,4768.68994140625,4743.72021484375,4768.3701171875,102.47000122070312,12.600000381469727,4790.5,3.8980000019073486
2023-12-20,4768.3701171875,4764.72998046875,4778.009765625,4697.81982421875,4698.35009765625,102.19000244140625,12.630000114440918,4818.5,3.88100004196167
2023-12-21,4698.35009765625,4724.2900390625,4748.7099609375,4708.35009765625,4746.75,102.38999938964844,13.399999618530273,4751.0,3.859999895095825
2023-12-22,4746.75,4753.919921875,4772.93994140625,4736.77001953125,4754.6298828125,101.76000213623047,13.720000267028809,4795.75,3.8519999980926514
2023-12-26,4754.6298828125,4758.85986328125,4784.72021484375,4758.4501953125,4774.75,101.6500015258789,13.770000457763672,4800.25,3.9079999923706055
2023-12-27,4774.75,4773.4501953125,4785.39013671875,4768.89990234375,4781.580078125,101.55000305175781,13.020000457763672,4827.75,3.8519999980926514
2023-12-28,4781.580078125,4786.43994140625,4793.2998046875,4780.97998046875,4783.35009765625,100.87000274658203,12.4399995803833,4834.5,3.818000078201294
2023-12-29,4783.35009765625,4782.8798828125,4788.43017578125,4751.990234375,4769.830078125,101.19999694824219,12.550000190734863,4834.75,3.878999948501587
2024-01-02,4769.830078125,4745.2001953125,4754.330078125,4722.669921875,4742.830078125,101.41999816894531,13.220000267028809,4818.0,3.9690001010894775
2024-01-03,4742.830078125,4725.06982421875,4729.2900390625,4699.7099609375,4704.81005859375,102.1500015258789,13.350000381469727,4790.75,3.9779999256134033
2024-01-04,4704.81005859375,4697.419921875,4726.77978515625,4687.52978515625,4688.68017578125,102.45999908447266,13.930000305175781,4750.0,3.9739999771118164
2024-01-05,4688.68017578125,4690.56982421875,4721.490234375,4682.10986328125,4697.240234375,102.4000015258789,14.239999771118164,4732.75,4.038000106811523
2024-01-08,4697.240234375,4703.7001953125,4764.5400390625,4699.81982421875,4763.5400390625,102.44000244140625,14.0,4735.75,4.059000015258789
2024-01-09,4763.5400390625,4741.93017578125,4765.47021484375,4730.35009765625,4756.5,102.22000122070312,13.199999809265137,4797.75,4.046999931335449
2024-01-10,4756.5,4759.93994140625,4790.7998046875,4756.2001953125,4783.4501953125,102.4800033569336,12.859999656677246,4790.75,3.992000102996826
2024-01-11,4783.4501953125,4792.1298828125,4798.5,4739.580078125,4780.240234375,102.30000305175781,12.640000343322754,4820.5,3.99399995803833
2024-01-12,4780.240234375,4791.18017578125,4802.39990234375,4768.97998046875,4783.830078125,102.30000305175781,12.65999984741211,4811.25,4.002999782562256
2024-01-16,4783.830078125,4772.35009765625,4782.33984375,4747.1201171875,4765.97998046875,102.73999786376953,14.119999885559082,4812.0,4.002999782562256
2024-01-17,4765.97998046875,4739.1298828125,4744.22998046875,4714.81982421875,4739.2099609375,103.36000061035156,14.59000015258789,4799.75,4.080999851226807
2024-01-18,4739.2099609375,4760.10009765625,4785.7900390625,4740.56982421875,4780.93994140625,103.37000274658203,14.850000381469727,4768.0,4.090000152587891
2024-01-19,4780.93994140625,4796.27978515625,4842.06982421875,4785.8701171875,4839.81005859375,103.37000274658203,13.800000190734863,4811.25,4.131999969482422
2024-01-22,4839.81005859375,4853.419921875,4868.41015625,4844.0498046875,4850.43017578125,103.23999786376953,13.770000457763672,4872.5,4.0980000495910645
2024-01-23,4850.43017578125,4856.7998046875,4866.47998046875,4844.3701171875,4864.60009765625,103.3499984741211,13.199999809265137,4881.75,4.130000114440918
2024-01-24,4864.60009765625,4888.56005859375,4903.68017578125,4865.93994140625,4868.5498046875,103.51000213623047,12.65999984741211,4900.25,4.098999977111816
2024-01-25,4868.5498046875,4886.66015625,4898.14990234375,4869.33984375,4894.16015625,103.3499984741211,13.180000305175781,4899.5,4.15500020980835
2024-01-26,4894.16015625,4888.91015625,4906.68994140625,4881.47021484375,4890.97021484375,103.5199966430664,13.729999542236328,4919.25,4.122000217437744
2024-01-29,4890.97021484375,4892.9501953125,4929.31005859375,4887.39990234375,4927.93017578125,103.47000122070312,13.979999542236328,4908.75,4.107999801635742
2024-01-30,4927.93017578125,4925.89013671875,4931.08984375,4916.27001953125,4924.97021484375,103.44000244140625,13.6899995803833,4950.25,4.067999839782715
2024-01-31,4924.97021484375,4899.18994140625,4906.75,4845.14990234375,4845.64990234375,103.41999816894531,13.420000076293945,4930.25,4.019999980926514
2024-02-01,4845.64990234375,4861.10986328125,4906.97021484375,4853.52001953125,4906.18994140625,103.51000213623047,14.210000038146973,4874.5,3.927000045776367
2024-02-02,4906.18994140625,4916.06005859375,4975.2900390625,4907.990234375,4958.60986328125,102.98999786376953,13.949999809265137,4952.75,3.8889999389648438
2024-02-05,4958.60986328125,4957.18994140625,4957.18994140625,4918.08984375,4942.81005859375,103.98999786376953,14.369999885559082,4976.0,4.111999988555908
2024-02-06,4942.81005859375,4950.16015625,4957.77001953125,4934.8798828125,4954.22998046875,104.44000244140625,13.569999694824219,4959.5,4.1479997634887695
2024-02-07,4954.22998046875,4973.0498046875,4999.89013671875,4969.0498046875,4995.06005859375,104.1500015258789,13.0600004196167,4971.5,4.125
2024-02-08,4995.06005859375,4995.16015625,5000.39990234375,4987.08984375,4997.91015625,104.02999877929688,12.949999809265137,5015.75,4.13700008392334
2024-02-09,4997.91015625,5004.169921875,5030.06005859375,5000.33984375,5026.60986328125,104.13999938964844,12.789999961853027,5014.5,4.172999858856201
2024-02-12,5026.60986328125,5026.830078125,5048.39013671875,5016.830078125,5021.83984375,104.08000183105469,13.479999542236328,5042.5,4.1519999504089355
2024-02-13,5021.83984375,4967.93994140625,4971.2998046875,4920.31005859375,4953.169921875,104.18000030517578,13.960000038146973,5034.0,4.1519999504089355
2024-02-14,4953.169921875,4976.43994140625,5002.52001953125,4956.4501953125,5000.6201171875,104.83999633789062,15.380000114440918,4974.25,4.308000087738037
2024-02-15,5000.6201171875,5003.14013671875,5032.72021484375,4999.43994140625,5029.72998046875,104.66000366210938,14.270000457763672,5017.5,4.22599983215332
2024-02-16,5029.72998046875,5031.1298828125,5038.7001953125,4999.52001953125,5005.56982421875,104.30000305175781,13.9399995803833,5049.5,4.2789998054504395
2024-02-20,5005.56982421875,4989.31982421875,4993.7099609375,4955.02001953125,4975.509765625,104.31999969482422,15.09000015258789,5016.5,4.2829999923706055
2024-02-21,4975.509765625,4963.02978515625,4983.2099609375,4946.0,4981.7998046875,104.04000091552734,15.539999961853027,4990.0,4.263999938964844
2024-02-22,4981.7998046875,5038.830078125,5094.39013671875,5038.830078125,5087.02978515625,103.91000366210938,14.279999732971191,5016.0,4.336999893188477
2024-02-23,5087.02978515625,5100.919921875,5111.06005859375,5081.4599609375,5088.7998046875,103.94999694824219,14.3100004196167,5094.25,4.307000160217285
2024-02-26,5088.7998046875,5093.0,5097.66015625,5068.91015625,5069.52978515625,103.95999908447266,14.170000076293945,5095.0,4.24399995803833
2024-02-27,5069.52978515625,5074.60009765625,5080.68994140625,5057.2900390625,5078.18017578125,103.77999877929688,13.630000114440918,5077.5,4.271999835968018
2024-02-28,5078.18017578125,5067.2001953125,5077.3701171875,5058.35009765625,5069.759765625,103.83999633789062,13.520000457763672,5090.75,4.28000020980835
2024-02-29,5069.759765625,5085.35986328125,5104.990234375,5061.89013671875,5096.27001953125,103.91999816894531,14.140000343322754,5072.0,4.310999870300293
2024-03-01,5096.27001953125,5098.509765625,5140.330078125,5094.16015625,5137.080078125,104.12999725341797,13.34000015258789,5101.5,4.26800012588501
2024-03-04,5137.080078125,5130.990234375,5149.669921875,5127.18017578125,5130.9501953125,103.88999938964844,13.489999771118164,5142.0,4.218999862670898
2024-03-05,5130.9501953125,5110.52001953125,5114.5400390625,5056.81982421875,5078.64990234375,103.8499984741211,13.75,5133.75,4.164000034332275
2024-03-06,5078.64990234375,5108.02978515625,5127.97021484375,5092.22021484375,5104.759765625,103.80999755859375,14.270000457763672,5091.0,4.138999938964844
2024-03-07,5104.759765625,5132.3798828125,5165.6201171875,5128.2099609375,5157.35986328125,103.30999755859375,14.979999542236328,5114.25,4.080999851226807
2024-03-08,5157.35986328125,5164.4599609375,5189.259765625,5117.5,5123.68994140625,102.7300033569336,14.220000267028809,5159.25,4.066999912261963
2024-03-11,5123.68994140625,5111.9599609375,5124.66015625,5091.14013671875,5117.93994140625,102.73999786376953,15.510000228881836,5132.5,4.077000141143799
2024-03-12,5117.93994140625,5134.2998046875,5179.8701171875,5114.47998046875,5175.27001953125,102.81999969482422,14.970000267028809,5129.0,4.089000225067139
2024-03-13,5175.27001953125,5173.490234375,5179.14013671875,5151.8798828125,5165.31005859375,102.93000030517578,13.890000343322754,5176.0,4.185999870300293
2024-03-14,5165.31005859375,5175.14013671875,5176.85009765625,5123.2998046875,5150.47998046875,102.76000213623047,13.619999885559082,5171.5,4.196000099182129
2024-03-15,5150.47998046875,5123.31005859375,5136.85986328125,5104.35009765625,5117.08984375,103.38999938964844,14.329999923706055,5152.25,4.281000137329102
2024-03-18,5117.08984375,5154.77001953125,5175.60009765625,5145.47021484375,5149.419921875,103.44999694824219,14.75,5185.75,4.314000129699707
2024-03-19,5149.419921875,5139.08984375,5180.31005859375,5131.58984375,5178.509765625,103.58999633789062,14.5,5215.25,4.326000213623047
2024-03-20,5178.509765625,5181.68994140625,5226.18994140625,5171.5498046875,5224.6201171875,103.83999633789062,13.829999923706055,5239.75,4.2829999923706055
2024-03-21,5224.6201171875,5253.43017578125,5261.10009765625,5240.66015625,5241.52978515625,103.23999786376953,12.979999542236328,5294.75,4.232999801635742
2024-03-22,5241.52978515625,5242.47998046875,5246.08984375,5229.8701171875,5234.18017578125,103.98999786376953,12.920000076293945,5306.75,4.21999979019165
2024-03-25,5234.18017578125,5219.52001953125,5229.08984375,5216.08984375,5218.18994140625,104.43000030517578,13.670000076293945,5290.5,4.23199987411499
2024-03-26,5218.18994140625,5228.85009765625,5235.16015625,5203.419921875,5203.580078125,104.22000122070312,13.119999885559082,5280.75,4.236000061035156
2024-03-27,5203.580078125,5226.31005859375,5249.259765625,5213.919921875,5248.490234375,104.30000305175781,13.130000114440918,5273.25,4.21999979019165
2024-03-28,5248.490234375,5248.02978515625,5264.85009765625,5245.81982421875,5254.35009765625,104.44000244140625,12.930000305175781,5308.0,4.230000019073486
2024-04-01,5254.35009765625,5257.97021484375,5263.9501953125,5229.2001953125,5243.77001953125,104.48999786376953,13.609999656677246,5314.25,4.234000205993652
2024-04-02,5243.77001953125,5204.2900390625,5208.33984375,5184.0498046875,5205.81005859375,105.0,13.739999771118164,5294.5,4.375
2024-04-03,5205.81005859375,5194.3701171875,5228.75,5194.3701171875,5211.490234375,104.7699966430664,15.0,5262.5,4.382999897003174
2024-04-04,5211.490234375,5244.0498046875,5256.58984375,5146.06005859375,5147.2099609375,104.2300033569336,14.289999961853027,5270.75,4.370999813079834
2024-04-05,5147.2099609375,5158.9501953125,5222.18017578125,5157.2099609375,5204.33984375,104.20999908447266,16.450000762939453,5199.75,4.328000068664551
2024-04-08,5204.33984375,5211.3701171875,5219.56982421875,5197.35009765625,5202.39013671875,104.29000091552734,16.239999771118164,5263.25,4.458000183105469
2024-04-09,5202.39013671875,5217.02978515625,5224.81005859375,5160.77978515625,5209.91015625,104.12000274658203,15.34000015258789,5258.0,4.383999824523926
2024-04-10,5209.91015625,5167.8798828125,5178.43017578125,5138.7001953125,5160.64013671875,104.0999984741211,15.239999771118164,5264.25,4.3460001945495605
2024-04-11,5160.64013671875,5172.9501953125,5211.77978515625,5138.77001953125,5199.06005859375,105.18000030517578,16.020000457763672,5202.0,4.576000213623047
2024-04-12,5199.06005859375,5171.509765625,5175.02978515625,5107.93994140625,5123.41015625,105.27999877929688,14.90999984741211,5244.0,4.513999938964844
2024-04-15,5123.41015625,5149.669921875,5168.43017578125,5052.47021484375,5061.81982421875,106.01000213623047,16.940000534057617,5166.5,4.585000038146973
2024-04-16,5061.81982421875,5064.58984375,5079.83984375,5039.830078125,5051.41015625,106.16999816894531,19.489999771118164,5101.25,4.644999980926514
2024-04-17,5051.41015625,5068.97021484375,5077.9599609375,5007.25,5022.2099609375,106.33000183105469,18.239999771118164,5096.25,4.65500020980835
2024-04-18,5022.2099609375,5031.52001953125,5056.66015625,5001.89013671875,5011.1201171875,105.93000030517578,17.90999984741211,5063.0,4.5920000076293945
2024-04-19,5011.1201171875,5005.43994140625,5019.02001953125,4953.56005859375,4967.22998046875,106.19000244140625,21.329999923706055,5047.25,4.590000152587891
2024-04-22,4967.22998046875,4987.330078125,5038.83984375,4969.39990234375,5010.60009765625,106.12000274658203,18.59000015258789,5014.25,4.6519999504089355
2024-04-23,5010.60009765625,5028.85009765625,5076.1201171875,5027.9599609375,5070.5498046875,106.12000274658203,16.719999313354492,5051.0,4.650000095367432
2024-04-24,5070.5498046875,5084.85986328125,5089.47998046875,5047.02001953125,5071.6298828125,105.69000244140625,15.760000228881836,5115.25,4.642000198364258
2024-04-25,5071.6298828125,5019.8798828125,5057.75,4990.580078125,5048.419921875,105.81999969482422,16.25,5070.0,4.6579999923706055
2024-04-26,5048.419921875,5084.64990234375,5114.6201171875,5073.14013671875,5099.9599609375,105.58000183105469,15.489999771118164,5132.0,4.685999870300293
2024-04-29,5099.9599609375,5114.1298828125,5123.490234375,5088.64990234375,5116.169921875,106.08000183105469,15.369999885559082,5140.25,4.625999927520752
2024-04-30,5116.169921875,5103.77978515625,5110.830078125,5035.31005859375,5035.68994140625,105.66999816894531,14.819999694824219,5148.5,4.616000175476074
2024-05-01,5035.68994140625,5029.02978515625,5096.1201171875,5013.4501953125,5018.39013671875,106.31999969482422,15.75,5050.0,4.670000076293945
2024-05-02,5018.39013671875,5049.31982421875,5073.2099609375,5011.0498046875,5064.2001953125,105.7300033569336,15.140000343322754,5057.0,4.611999988555908
2024-05-03,5064.2001953125,5122.77978515625,5139.1201171875,5101.22021484375,5127.7900390625,105.30999755859375,14.510000228881836,5110.25,4.551000118255615
2024-05-06,5127.7900390625,5142.419921875,5181.0,5142.419921875,5180.740234375,105.08000183105469,13.979999542236328,5166.75,4.486999988555908
2024-05-07,5180.740234375,5187.2001953125,5200.22998046875,5178.9599609375,5187.7001953125,105.13999938964844,13.520000457763672,5204.75,4.4730000495910645
2024-05-08,5187.7001953125,5168.97998046875,5191.9501953125,5165.85986328125,5187.669921875,105.41999816894531,13.239999771118164,5211.75,4.484000205993652
2024-05-09,5187.669921875,5189.02978515625,5215.2998046875,5180.41015625,5214.080078125,105.5199966430664,13.079999923706055,5209.25,4.515999794006348
2024-05-10,5214.080078125,5225.490234375,5239.66015625,5209.68017578125,5222.68017578125,105.20999908447266,12.770000457763672,5240.75,4.4770002365112305
2024-05-13,5222.68017578125,5233.080078125,5237.259765625,5211.16015625,5221.419921875,105.30999755859375,13.260000228881836,5240.5,4.486999988555908
2024-05-14,5221.419921875,5221.10009765625,5250.3701171875,5217.97998046875,5246.68017578125,105.19999694824219,13.710000038146973,5241.75,4.480999946594238
2024-05-15,5246.68017578125,5263.259765625,5311.759765625,5263.259765625,5308.14990234375,105.05000305175781,13.729999542236328,5268.5,4.418000221252441
2024-05-16,5308.14990234375,5310.06982421875,5325.490234375,5296.18994140625,5297.10009765625,104.20999908447266,12.520000457763672,5331.5,4.329999923706055
2024-05-17,5297.10009765625,5303.10009765625,5305.4501953125,5283.58984375,5303.27001953125,104.5,12.279999732971191,5318.25,4.395999908447266
2024-05-20,5303.27001953125,5305.35009765625,5325.31982421875,5302.39990234375,5308.1298828125,104.5,12.270000457763672,5329.25,4.421999931335449
2024-05-21,5308.1298828125,5298.68994140625,5324.31982421875,5297.8701171875,5321.41015625,104.5999984741211,12.300000190734863,5331.75,4.429999828338623
2024-05-22,5321.41015625,5319.27978515625,5323.18017578125,5286.009765625,5307.009765625,104.62000274658203,12.050000190734863,5343.5,4.453000068664551
2024-05-23,5307.009765625,5340.259765625,5341.8798828125,5256.93017578125,5267.83984375,104.9000015258789,11.529999732971191,5339.0,4.418000221252441
2024-05-24,5267.83984375,5281.4501953125,5311.64990234375,5278.39013671875,5304.72021484375,105.04000091552734,12.859999656677246,5285.75,4.488999843597412
2024-05-28,5304.72021484375,5315.91015625,5315.91015625,5280.89013671875,5306.0400390625,104.58000183105469,12.510000228881836,5321.75,4.453000068664551
2024-05-29,5306.0400390625,5278.72998046875,5282.27001953125,5262.7001953125,5266.9501953125,104.63999938964844,13.75,5323.75,4.565999984741211
2024-05-30,5266.9501953125,5259.77001953125,5260.2099609375,5222.10009765625,5235.47998046875,105.12999725341797,14.819999694824219,5270.5,4.593999862670898
2024-05-31,5235.47998046875,5243.2099609375,5280.330078125,5191.68017578125,5277.509765625,104.76000213623047,14.5,5250.5,4.552000045776367
2024-06-03,5277.509765625,5297.14990234375,5302.10986328125,5234.31982421875,5283.39990234375,104.62999725341797,13.079999923706055,5299.5,4.4730000495910645
2024-06-04,5283.39990234375,5278.240234375,5298.7998046875,5257.6298828125,5291.33984375,104.05000305175781,13.510000228881836,5300.25,4.361000061035156
2024-06-05,5291.33984375,5314.47998046875,5354.16015625,5297.64013671875,5354.02978515625,104.16999816894531,13.140000343322754,5305.0,4.326000213623047
2024-06-06,5354.02978515625,5357.7998046875,5362.35009765625,5335.35986328125,5352.9599609375,104.25,12.75,5367.75,4.301000118255615
2024-06-07,5352.9599609375,5343.81005859375,5375.080078125,5331.330078125,5346.990234375,104.08999633789062,12.6899995803833,5362.0,4.296999931335449
2024-06-10,5346.990234375,5341.22021484375,5365.7900390625,5331.52001953125,5360.7900390625,105.04000091552734,13.09000015258789,5351.5,4.453000068664551
2024-06-11,5360.7900390625,5353.0,5375.9501953125,5327.25,5375.31982421875,105.1500015258789,12.850000381469727,5369.75,4.435999870300293
2024-06-12,5375.31982421875,5409.1298828125,5447.25,5409.1298828125,5421.02978515625,105.27999877929688,13.100000381469727,5384.5,4.388000011444092
2024-06-13,5421.02978515625,5441.93017578125,5441.93017578125,5402.509765625,5433.740234375,104.69000244140625,12.050000190734863,5436.25,4.309999942779541
2024-06-14,5433.740234375,5424.080078125,5432.39013671875,5403.75,5431.60009765625,105.2300033569336,12.220000267028809,5436.0,4.196000099182129
2024-06-17,5431.60009765625,5431.10986328125,5488.5,5420.39990234375,5473.22998046875,105.51000213623047,13.069999694824219,5435.5,4.264999866485596
2024-06-18,5473.22998046875,5476.14990234375,5490.3798828125,5471.31982421875,5487.02978515625,105.30000305175781,12.699999809265137,5480.25,4.2870001792907715
2024-06-20,5487.02978515625,5499.990234375,5505.52978515625,5455.56005859375,5473.169921875,105.19999694824219,12.5,5492.75,4.23799991607666
2024-06-21,5473.169921875,5466.77001953125,5478.31005859375,5452.02978515625,5464.6201171875,105.63999938964844,13.220000267028809,5477.0,4.223999977111816
2024-06-24,5464.6201171875,5459.580078125,5490.66015625,5447.58984375,5447.8701171875,105.83000183105469,13.850000381469727,5538.5,4.275000095367432
2024-06-25,5447.8701171875,5460.72998046875,5472.8798828125,5446.56005859375,5469.2998046875,105.51000213623047,13.479999542236328,5516.0,4.2170000076293945
2024-06-26,5469.2998046875,5460.7099609375,5483.14013671875,5451.8701171875,5477.89990234375,105.66000366210938,12.8100004196167,5535.0,4.284999847412109
2024-06-27,5477.89990234375,5473.58984375,5490.81005859375,5467.5400390625,5482.8701171875,106.06999969482422,12.6899995803833,5533.0,4.327000141143799
2024-06-28,5482.8701171875,5488.47998046875,5523.64013671875,5451.1201171875,5460.47998046875,105.91999816894531,12.239999771118164,5548.25,4.303999900817871
2024-07-01,5460.47998046875,5471.080078125,5479.5498046875,5446.52978515625,5475.08984375,105.8499984741211,12.979999542236328,5534.25,4.423999786376953
2024-07-02,5475.08984375,5461.83984375,5509.68994140625,5458.43017578125,5509.009765625,105.8499984741211,12.670000076293945,5533.5,4.441999912261963
2024-07-03,5509.009765625,5507.43994140625,5539.27001953125,5507.419921875,5537.02001953125,105.66999816894531,12.130000114440918,5563.75,4.426000118255615
2024-07-05,5537.02001953125,5537.91015625,5570.330078125,5531.6298828125,5567.18994140625,105.16999816894531,12.369999885559082,5591.0,4.330999851226807
2024-07-08,5567.18994140625,5572.75,5583.10986328125,5562.509765625,5572.85009765625,104.87999725341797,12.90999984741211,5612.0,4.306000232696533
2024-07-09,5572.85009765625,5584.240234375,5590.75,5574.56982421875,5576.97998046875,104.98999786376953,12.479999542236328,5627.75,4.300000190734863
2024-07-10,5576.97998046875,5591.259765625,5635.39013671875,5586.43994140625,5633.91015625,105.12000274658203,12.510000228881836,5631.75,4.2779998779296875
2024-07-11,5633.91015625,5635.2099609375,5642.4501953125,5576.52978515625,5584.5400390625,104.98999786376953,12.880000114440918,5684.25,4.288000106811523
2024-07-12,5584.5400390625,5590.759765625,5655.56005859375,5590.43994140625,5615.35009765625,104.5199966430664,12.869999885559082,5638.5,4.205999851226807
2024-07-15,5615.35009765625,5638.16015625,5666.93994140625,5614.75,5631.22021484375,104.08000183105469,12.779999732971191,5681.0,4.236999988555908
2024-07-16,5631.22021484375,5644.08984375,5669.669921875,5639.02001953125,5667.2001953125,104.25,13.380000114440918,5688.75,4.175000190734863
2024-07-17,5667.2001953125,5610.06982421875,5622.490234375,5584.81005859375,5588.27001953125,104.22000122070312,13.600000381469727,5715.0,4.178999900817871
2024-07-18,5588.27001953125,5608.56005859375,5614.0498046875,5522.81005859375,5544.58984375,103.69999694824219,14.270000457763672,5644.0,4.183000087738037
2024-07-19,5544.58984375,5543.3701171875,5557.5,5497.0400390625,5505.0,104.16000366210938,16.440000534057617,5602.5,4.224999904632568
2024-07-22,5505.0,5544.5400390625,5570.35986328125,5529.0400390625,5564.41015625,104.37000274658203,16.790000915527344,5564.5,4.224999904632568
2024-07-23,5564.41015625,5565.2998046875,5585.33984375,5550.89990234375,5555.740234375,104.30999755859375,15.210000038146973,5607.75,4.236999988555908
2024-07-24,5555.740234375,5505.83984375,5508.0400390625,5419.97998046875,5427.1298828125,104.4800033569336,15.350000381469727,5585.0,4.229000091552734
2024-07-25,5427.1298828125,5428.7001953125,5491.58984375,5390.9501953125,5399.22021484375,104.37999725341797,18.40999984741211,5482.5,4.205999851226807
2024-07-26,5399.22021484375,5433.669921875,5488.31982421875,5430.7001953125,5459.10009765625,104.36000061035156,17.969999313354492,5446.0,4.244999885559082
2024-07-29,5459.10009765625,5476.5498046875,5487.740234375,5444.43994140625,5463.5400390625,104.33000183105469,16.59000015258789,5496.5,4.163000106811523
2024-07-30,5463.5400390625,5478.72998046875,5489.4599609375,5401.7001953125,5436.43994140625,104.55999755859375,16.639999389648438,5504.5,4.173999786376953
2024-07-31,5436.43994140625,5505.58984375,5551.509765625,5493.75,5522.2998046875,104.43000030517578,16.65999984741211,5454.75,4.127999782562256
2024-08-01,5522.2998046875,5537.83984375,5566.16015625,5410.419921875,5446.68017578125,104.06999969482422,16.200000762939453,5574.75,4.052999973297119
2024-08-02,5446.68017578125,5376.6298828125,5383.89013671875,5302.02978515625,5346.56005859375,104.30999755859375,20.520000457763672,5464.25,3.940000057220459
2024-08-05,5346.56005859375,5151.14013671875,5250.89013671875,5119.259765625,5186.330078125,103.22000122070312,23.389999389648438,5330.0,3.697000026702881
2024-08-06,5186.330078125,5206.419921875,5312.33984375,5193.56005859375,5240.02978515625,102.77999877929688,33.709999084472656,5250.0,3.8350000381469727
2024-08-07,5240.02978515625,5293.1298828125,5330.64013671875,5195.5400390625,5199.5,102.94999694824219,24.770000457763672,5241.5,3.937000036239624
2024-08-08,5199.5,5252.56982421875,5328.02978515625,5233.85009765625,5319.31005859375,103.08999633789062,28.34000015258789,5208.25,3.931999921798706
2024-08-09,5319.31005859375,5314.66015625,5358.669921875,5300.83984375,5344.16015625,103.2699966430664,23.780000686645508,5348.25,3.947000026702881
2024-08-12,5344.16015625,5351.8798828125,5371.2001953125,5324.3701171875,5344.39013671875,103.1500015258789,20.790000915527344,5364.25,3.940000057220459
2024-08-13,5344.39013671875,5376.97998046875,5436.5,5376.97998046875,5434.43017578125,103.08999633789062,20.059999465942383,5372.5,3.8959999084472656
2024-08-14,5434.43017578125,5442.35986328125,5463.22021484375,5415.91015625,5455.2099609375,102.61000061035156,18.40999984741211,5457.5,3.8310000896453857
2024-08-15,5455.2099609375,5501.1298828125,5546.22998046875,5501.1298828125,5543.22021484375,102.62999725341797,16.270000457763672,5481.25,3.8469998836517334
2024-08-16,5543.22021484375,5530.5,5561.97998046875,5525.169921875,5554.25,103.04000091552734,15.289999961853027,5568.5,3.878999948501587
2024-08-19,5554.25,5557.22998046875,5608.2998046875,5550.740234375,5608.25,102.4000015258789,15.9399995803833,5584.0,3.859999895095825
2024-08-20,5608.25,5602.8798828125,5620.509765625,5585.5,5597.1201171875,101.87999725341797,14.890000343322754,5629.5,3.864000082015991
2024-08-21,5597.1201171875,5603.08984375,5632.68017578125,5591.56982421875,5620.85009765625,101.3499984741211,16.25,5619.5,3.809999942779541
2024-08-22,5620.85009765625,5637.77001953125,5643.22021484375,5560.9501953125,5570.64013671875,101.12999725341797,16.270000457763672,5642.0,3.8369998931884766
2024-08-23,5570.64013671875,5602.490234375,5641.81982421875,5585.16015625,5634.60986328125,101.45999908447266,17.1200008392334,5597.75,3.8459999561309814
2024-08-26,5634.60986328125,5639.66015625,5651.6201171875,5602.33984375,5616.83984375,100.68000030517578,16.270000457763672,5650.5,3.809999942779541
2024-08-27,5616.83984375,5602.89013671875,5631.18017578125,5593.47998046875,5625.7998046875,100.81999969482422,16.209999084472656,5630.0,3.8499999046325684
2024-08-28,5625.7998046875,5624.509765625,5627.02978515625,5560.9501953125,5592.18017578125,100.56999969482422,15.510000228881836,5643.75,3.8239998817443848
2024-08-29,5592.18017578125,5607.2998046875,5646.9501953125,5583.7099609375,5591.9599609375,101.0,16.540000915527344,5580.5,3.8310000896453857
2024-08-30,5591.9599609375,5612.740234375,5651.3701171875,5581.7900390625,5648.39990234375,101.37999725341797,15.670000076293945,5618.5,3.8610000610351562
2024-09-03,5648.39990234375,5623.89013671875,5623.89013671875,5504.330078125,5528.93017578125,101.66000366210938,15.760000228881836,5656.25,3.9149999618530273
2024-09-04,5528.93017578125,5506.68017578125,5552.990234375,5503.66015625,5520.06982421875,101.69000244140625,23.200000762939453,5538.5,3.822999954223633
2024-09-05,5520.06982421875,5520.080078125,5546.2998046875,5480.5400390625,5503.41015625,101.27999877929688,20.75,5527.5,3.740000009536743
2024-09-06,5503.41015625,5507.330078125,5522.47021484375,5402.6201171875,5408.419921875,101.05999755859375,21.979999542236328,5513.0,3.7079999446868896
2024-09-09,5408.419921875,5442.06982421875,5484.2001953125,5434.490234375,5471.0498046875,101.19000244140625,21.31999969482422,5410.0,3.747999906539917
2024-09-10,5471.0498046875,5490.509765625,5497.91015625,5441.72021484375,5495.52001953125,101.63999938964844,19.860000610351562,5488.25,3.7149999141693115
2024-09-11,5495.52001953125,5496.419921875,5560.41015625,5406.9599609375,5554.1298828125,101.66000366210938,19.40999984741211,5499.25,3.614000082015991
2024-09-12,5554.1298828125,5557.47998046875,5600.7099609375,5535.5,5595.759765625,101.77999877929688,17.6200008392334,5558.0,3.6610000133514404
2024-09-13,5595.759765625,5603.33984375,5636.27001953125,5601.64990234375,5626.02001953125,101.19999694824219,17.030000686645508,5598.5,3.6589999198913574
2024-09-16,5626.02001953125,5615.2099609375,5636.0498046875,5604.52978515625,5633.08984375,101.04000091552734,17.15999984741211,5622.75,3.638000011444092
2024-09-17,5633.08984375,5655.509765625,5670.81005859375,5614.0498046875,5634.580078125,100.76000213623047,17.15999984741211,5633.25,3.614000082015991
2024-09-18,5634.580078125,5641.68017578125,5689.75,5615.080078125,5618.259765625,100.94000244140625,17.579999923706055,5639.5,3.680999994277954
2024-09-19,5618.259765625,5702.6298828125,5733.56982421875,5686.419921875,5713.64013671875,101.01000213623047,17.209999084472656,5631.5,3.7190001010894775
2024-09-20,5713.64013671875,5709.64013671875,5715.14013671875,5674.490234375,5702.5498046875,100.69000244140625,16.350000381469727,5714.75,3.7339999675750732
2024-09-23,5702.5498046875,5711.89990234375,5725.35986328125,5704.22021484375,5718.56982421875,100.73999786376953,16.709999084472656,5762.0,3.757999897003174
2024-09-24,5718.56982421875,5727.66015625,5735.31982421875,5698.990234375,5732.93017578125,100.97000122070312,15.869999885559082,5774.0,3.7939999103546143
2024-09-25,5732.93017578125,5733.64990234375,5741.02978515625,5712.06005859375,5722.259765625,100.27999877929688,15.819999694824219,5792.25,3.7750000953674316
2024-09-26,5722.259765625,5762.22021484375,5767.3701171875,5721.009765625,5745.3701171875,100.93000030517578,15.0600004196167,5783.5,3.757999897003174
2024-09-27,5745.3701171875,5755.35986328125,5763.77978515625,5727.33984375,5738.169921875,100.58999633789062,15.640000343322754,5804.25,3.7769999504089355
2024-09-30,5738.169921875,5726.52001953125,5765.14013671875,5703.52978515625,5762.47998046875,100.41999816894531,17.010000228881836,5784.0,3.7899999618530273
2024-10-01,5762.47998046875,5757.72998046875,5757.72998046875,5681.27978515625,5708.75,100.73999786376953,16.959999084472656,5807.0,3.744999885559082
2024-10-02,5708.75,5698.14013671875,5719.6298828125,5674.0,5709.5400390625,101.23999786376953,19.649999618530273,5760.25,3.7829999923706055
2024-10-03,5709.5400390625,5698.18994140625,5718.77978515625,5677.3701171875,5699.93994140625,101.63999938964844,19.6299991607666,5769.5,3.806999921798706
2024-10-04,5699.93994140625,5737.47998046875,5753.2099609375,5702.830078125,5751.06982421875,101.91000366210938,20.479999542236328,5745.75,3.867000102996826
2024-10-07,5751.06982421875,5737.7998046875,5739.33984375,5686.85009765625,5695.93994140625,102.48999786376953,20.760000228881836,5802.0,4.00600004196167
2024-10-08,5695.93994140625,5719.14013671875,5757.60009765625,5714.56005859375,5751.1298828125,102.45999908447266,22.920000076293945,5752.5,4.0329999923706055
2024-10-09,5751.1298828125,5751.7998046875,5796.7998046875,5745.02001953125,5792.0400390625,102.48999786376953,21.979999542236328,5799.25,4.043000221252441
2024-10-10,5792.0400390625,5778.35986328125,5795.02978515625,5764.759765625,5780.0498046875,102.87999725341797,20.90999984741211,5836.0,4.078999996185303
2024-10-11,5780.0498046875,5775.08984375,5822.1298828125,5775.08984375,5815.02978515625,102.87999725341797,20.8700008392334,5831.0,4.0920000076293945
2024-10-14,5815.02978515625,5829.81005859375,5871.41015625,5829.56982421875,5859.85009765625,102.93000030517578,20.860000610351562,5854.5,4.0980000495910645
2024-10-15,5859.85009765625,5866.740234375,5870.35986328125,5804.47998046875,5815.259765625,103.20999908447266,19.610000610351562,5914.25,4.068999767303467
2024-10-16,5815.259765625,5816.580078125,5846.52001953125,5808.33984375,5842.47021484375,103.26000213623047,20.770000457763672,5861.0,4.010000228881836
2024-10-17,5842.47021484375,5875.6201171875,5878.4599609375,5840.25,5841.47021484375,103.55999755859375,19.549999237060547,5882.75,4.0320000648498535
2024-10-18,5841.47021484375,5859.43017578125,5872.169921875,5846.10986328125,5864.669921875,103.80999755859375,19.299999237060547,5888.25,4.107999801635742
2024-10-21,5864.669921875,5857.81982421875,5866.919921875,5824.7900390625,5853.97998046875,103.45999908447266,18.780000686645508,5911.5,4.138000011444092
2024-10-22,5853.97998046875,5832.7001953125,5863.0400390625,5821.169921875,5851.2001953125,103.97000122070312,18.790000915527344,5900.75,4.185999870300293
2024-10-23,5851.2001953125,5834.5,5834.85009765625,5762.41015625,5797.419921875,104.08999633789062,18.209999084472656,5887.25,4.236000061035156
2024-10-24,5797.419921875,5817.7998046875,5817.7998046875,5784.919921875,5809.85986328125,104.43000030517578,18.8700008392334,5844.0,4.197999954223633
2024-10-25,5809.85986328125,5826.75,5862.81982421875,5799.97998046875,5808.1201171875,104.05000305175781,19.219999313354492,5853.25,4.203999996185303
2024-10-28,5808.1201171875,5833.93017578125,5842.919921875,5823.080078125,5823.52001953125,104.31999969482422,19.110000610351562,5857.0,4.248000144958496
2024-10-29,5823.52001953125,5819.68017578125,5847.18994140625,5802.169921875,5832.919921875,104.30999755859375,19.75,5867.0,4.306000232696533
2024-10-30,5832.919921875,5832.64990234375,5850.93994140625,5811.27978515625,5813.669921875,104.25,19.329999923706055,5883.0,4.260000228881836
2024-10-31,5813.669921875,5775.33984375,5775.33984375,5702.85986328125,5705.4501953125,104.08999633789062,21.440000534057617,5840.0,4.288000106811523
2024-11-01,5705.4501953125,5723.22021484375,5772.52001953125,5723.22021484375,5728.7998046875,103.86000061035156,22.959999084472656,5742.0,4.307000160217285
2024-11-04,5728.7998046875,5725.14990234375,5741.43017578125,5696.509765625,5712.68994140625,103.97000122070312,22.5,5741.75,4.281000137329102
2024-11-05,5712.68994140625,5722.43017578125,5783.43994140625,5722.10009765625,5782.759765625,103.91000366210938,21.979999542236328,5752.25,4.330999851226807
2024-11-06,5782.759765625,5864.89013671875,5936.14013671875,5864.89013671875,5929.0400390625,104.04000091552734,16.059999465942383,5820.25,4.432000160217285
2024-11-07,5929.0400390625,5947.2099609375,5983.83984375,5947.2099609375,5973.10009765625,105.16000366210938,15.859999656677246,5963.5,4.415999889373779
2024-11-08,5973.10009765625,5976.759765625,6012.4501953125,5976.759765625,5995.5400390625,104.44999694824219,15.130000114440918,6007.75,4.314000129699707
2024-11-11,5995.5400390625,6008.85986328125,6017.31005859375,5986.68994140625,6001.35009765625,104.94999694824219,15.329999923706055,6030.0,4.308000087738037
2024-11-12,6001.35009765625,6003.60009765625,6009.919921875,5960.080078125,5983.990234375,105.48999786376953,15.09000015258789,6029.25,4.370999813079834
2024-11-13,5983.990234375,5985.75,6008.18994140625,5965.91015625,5985.3798828125,106.0199966430664,15.09000015258789,6012.25,4.433000087738037
2024-11-14,5985.3798828125,5989.68017578125,5993.8798828125,5942.27978515625,5949.169921875,106.5,14.170000076293945,6017.75,4.445000171661377
2024-11-15,5949.169921875,5912.7900390625,5915.31982421875,5853.009765625,5870.6201171875,106.9000015258789,15.020000457763672,5972.0,4.429999828338623
2024-11-18,5870.6201171875,5874.169921875,5908.1201171875,5865.9501953125,5893.6201171875,106.66999816894531,16.600000381469727,5899.75,4.480999946594238
2024-11-19,5893.6201171875,5870.0498046875,5923.509765625,5855.2900390625,5916.97998046875,106.26000213623047,15.4399995803833,5919.0,4.36299991607666
2024-11-20,5916.97998046875,5914.33984375,5920.669921875,5860.56005859375,5917.10986328125,106.12000274658203,16.190000534057617,5937.75,4.421999931335449
2024-11-21,5917.10986328125,5940.580078125,5963.31982421875,5887.259765625,5948.7099609375,106.58999633789062,17.100000381469727,5937.25,4.4039998054504395
2024-11-22,5948.7099609375,5944.35986328125,5972.89990234375,5944.35986328125,5969.33984375,107.05999755859375,16.670000076293945,5967.0,4.389999866485596
2024-11-25,5969.33984375,5992.27978515625,6020.75,5963.91015625,5987.3701171875,107.25,15.229999542236328,6006.0,4.317999839782715
2024-11-26,5987.3701171875,6000.02978515625,6025.419921875,5992.27001953125,6021.6298828125,107.48999786376953,14.949999809265137,6013.25,4.289000034332275
2024-11-27,6021.6298828125,6014.10986328125,6020.16015625,5984.8701171875,5998.740234375,106.81999969482422,14.279999732971191,6041.75,4.25
2024-11-29,5998.740234375,6003.97998046875,6044.169921875,6003.97998046875,6032.3798828125,105.94999694824219,14.0,6015.0,4.224999904632568
2024-12-02,6032.3798828125,6040.10986328125,6053.580078125,6035.330078125,6047.14990234375,105.81999969482422,14.079999923706055,6051.5,4.206999778747559
2024-12-03,6047.14990234375,6042.97021484375,6052.06982421875,6033.39013671875,6049.8798828125,106.4800033569336,13.380000114440918,6064.0,4.210999965667725
2024-12-04,6049.8798828125,6069.39013671875,6089.83984375,6061.06005859375,6086.490234375,106.43000030517578,13.15999984741211,6067.0,4.270999908447266
2024-12-05,6086.490234375,6089.02978515625,6094.5498046875,6072.89990234375,6075.10986328125,106.33999633789062,13.460000038146973,6095.25,4.206999778747559
2024-12-06,6075.10986328125,6081.3798828125,6099.97021484375,6079.97998046875,6090.27001953125,105.79000091552734,13.619999885559082,6085.5,4.184000015258789
2024-12-09,6090.27001953125,6083.009765625,6088.509765625,6048.6298828125,6052.85009765625,105.97000122070312,13.359999656677246,6096.25,4.182000160217285
2024-12-10,6052.85009765625,6057.58984375,6065.39990234375,6029.89013671875,6034.91015625,106.18000030517578,14.300000190734863,6065.25,4.234000205993652
2024-12-11,6034.91015625,6060.14990234375,6092.58984375,6060.14990234375,6084.18994140625,106.37000274658203,14.420000076293945,6052.75,4.25
2024-12-12,6084.18994140625,6074.2900390625,6079.68017578125,6051.25,6051.25,106.56999969482422,13.729999542236328,6087.5,4.300000190734863
2024-12-13,6051.25,6068.169921875,6078.580078125,6035.77001953125,6051.08984375,106.97000122070312,13.569999694824219,6065.0,4.343999862670898
2024-12-16,6051.08984375,6063.7900390625,6085.18994140625,6059.14013671875,6074.080078125,106.94999694824219,14.369999885559082,6055.5,4.36899995803833
2024-12-17,6074.080078125,6052.5498046875,6057.68017578125,6035.18994140625,6050.60986328125,106.81999969482422,14.979999542236328,6077.0,4.429999828338623
2024-12-18,6050.60986328125,6047.64990234375,6070.669921875,5867.7900390625,5872.16015625,106.93000030517578,15.569999694824219,6053.5,4.418000221252441
